,MAP_0,MAP_1,MAP_2,MAP_3,MAP_4,MAP_5,MAP_6,MAP_7,MAP_8,MAP_9,MAP_10,MAP_11,MAP_12,MAP_13,MAP_14,Overall Precision@10
0,0.0497388144446968,0.039015606242496996,0.0337540421574035,9.733623179001331e-05,0.019240128483825964,0.009776883726463558,0.014350141601041961,0.008646701924012849,0.0001297816423866844,0.00736510820544434,0.009028672894219112,0.00802483155424332,0.005365971752526374,0.0006280504479784192,0.006473940927722441,0.014109067482416823
Overall,0.0497388144446968,0.039015606242496996,0.0337540421574035,9.733623179001331e-05,0.019240128483825964,0.009776883726463558,0.014350141601041961,0.008646701924012849,0.0001297816423866844,0.00736510820544434,0.009028672894219112,0.00802483155424332,0.005365971752526374,0.0006280504479784192,0.006473940927722441,0.014109067482416823
